MutationType	Count
C>A@A_A	10
C>A@A_C	3
C>A@A_G	0
C>A@A_T	2
C>A@C_A	7
C>A@C_C	8
C>A@C_G	6
C>A@C_T	6
C>A@G_A	11
C>A@G_C	2
C>A@G_G	0
C>A@G_T	10
C>A@T_A	11
C>A@T_C	8
C>A@T_G	4
C>A@T_T	5
C>G@A_A	7
C>G@A_C	5
C>G@A_G	5
C>G@A_T	4
C>G@C_A	2
C>G@C_C	3
C>G@C_G	7
C>G@C_T	5
C>G@G_A	2
C>G@G_C	4
C>G@G_G	1
C>G@G_T	2
C>G@T_A	39
C>G@T_C	19
C>G@T_G	3
C>G@T_T	40
C>T@A_A	4
C>T@A_C	10
C>T@A_G	114
C>T@A_T	3
C>T@C_A	10
C>T@C_C	10
C>T@C_G	153
C>T@C_T	14
C>T@G_A	14
C>T@G_C	30
C>T@G_G	75
C>T@G_T	7
C>T@T_A	37
C>T@T_C	20
C>T@T_G	123
C>T@T_T	22
T>A@A_A	0
T>A@A_C	1
T>A@A_G	5
T>A@A_T	2
T>A@C_A	0
T>A@C_C	3
T>A@C_G	8
T>A@C_T	2
T>A@G_A	2
T>A@G_C	2
T>A@G_G	1
T>A@G_T	1
T>A@T_A	1
T>A@T_C	2
T>A@T_G	2
T>A@T_T	3
T>C@A_A	7
T>C@A_C	4
T>C@A_G	4
T>C@A_T	3
T>C@C_A	9
T>C@C_C	8
T>C@C_G	7
T>C@C_T	6
T>C@G_A	3
T>C@G_C	6
T>C@G_G	4
T>C@G_T	4
T>C@T_A	5
T>C@T_C	1
T>C@T_G	6
T>C@T_T	2
T>G@A_A	0
T>G@A_C	0
T>G@A_G	0
T>G@A_T	2
T>G@C_A	1
T>G@C_C	1
T>G@C_G	8
T>G@C_T	8
T>G@G_A	1
T>G@G_C	1
T>G@G_G	2
T>G@G_T	2
T>G@T_A	3
T>G@T_C	3
T>G@T_G	4
T>G@T_T	4
